종목코드,종목명
005930,삼성전자
000660,SK하이닉스
005380,현대차
373220,LG에너지솔루션
207940,삼성바이오로직스
402340,SK스퀘어
012450,한화에어로스페이스
034020,두산에너빌리티
000270,기아
105560,KB금융
329180,HD현대중공업
068270,셀트리온
028260,삼성물산
032830,삼성생명
055550,신한지주
042660,한화오션
006800,미래에셋증권
012330,현대모비스
035420,NAVER
267260,HD현대일렉트릭
006400,삼성SDI
009150,삼성전기
010130,고려아연
086790,하나금융지주
015760,한국전력
005490,POSCO홀딩스
042700,한미반도체
009540,HD한국조선해양
000250,삼천당제약
298040,효성중공업
316140,우리금융지주
034730,SK
010120,LS ELECTRIC
272210,한화시스템
010140,삼성중공업
051910,LG화학
035720,카카오
000810,삼성화재
196170,알테오젠
086520,에코프로
064350,현대로템
267250,HD현대
247540,에코프로비엠
138040,메리츠금융지주
000150,두산
024110,기업은행
096770,SK이노베이션
011200,HMM
003670,포스코퓨처엠
047810,한국항공우주
066570,LG전자
033780,KT&G
086280,현대글로비스
017670,SK텔레콤
000720,현대건설
079550,LIG넥스원
030200,KT
003550,LG
352820,하이브
0126Z0,삼성에피스홀딩스
047050,포스코인터내셔널
010950,S-Oil
005940,NH투자증권
071050,한국금융지주
278470,에이피알
018260,삼성에스디에스
259960,크래프톤
005830,DB손해보험
323410,카카오뱅크
039490,키움증권
277810,레인보우로보틱스
307950,현대오토에버
950160,코오롱티슈진
298380,에이비엘바이오
003490,대한항공
003230,삼양식품
016360,삼성증권
090430,아모레퍼시픽
006260,LS
000880,한화
443060,HD현대마린솔루션
007660,이수페타시스
000100,유한양행
058470,리노공업
180640,한진칼
326030,SK바이오팜
141080,리가켐바이오
011070,LG이노텍
047040,대우건설
377300,카카오페이
161390,한국타이어앤테크놀로지
028300,HLB
128940,한미약품
087010,펩트론
032640,LG유플러스
028050,삼성E&A
029780,삼성카드
267270,HD건설기계
078930,GS
066970,엘앤에프
009830,한화솔루션
052690,한전기술
001040,CJ
064400,LG씨엔에스
240810,원익IPS
310210,보로노이
034220,LG디스플레이
175330,JB금융지주
138930,BNK금융지주
241560,두산밥캣
088980,맥쿼리인프라
454910,두산로보틱스
001440,대한전선
095340,ISC
271560,오리온
450080,에코프로머티
021240,코웨이
214370,케어젠
039030,이오테크닉스
036570,엔씨소프트
004020,현대제철
022100,포스코DX
062040,산일전기
002380,KCC
251270,넷마블
353200,대덕전자
088350,한화생명
018880,한온시스템
226950,올릭스
489790,한화비전
032820,우리기술
035250,강원랜드
082740,한화엔진
031210,서울보증보험
263750,펄어비스
051900,LG생활건강
403870,HPSP
011790,SKC
108490,로보티즈
000990,DB하이텍
012510,더존비즈온
111770,영원무역
103590,일진전기
011170,롯데케미칼
214150,클래시스
0009K0,에임드바이오
347850,디앤디파마텍
001720,신영증권
017800,현대엘리베이터
302440,SK바이오사이언스
010060,OCI홀딩스
009420,한올바이오파마
237690,에스티팜
043260,성호전자
439260,대한조선
011780,금호석유화학
036460,한국가스공사
012750,에스원
036930,주성엔지니어링
097950,CJ제일제당
004990,롯데지주
214450,파마리서치
023530,롯데쇼핑
004170,신세계
145020,휴젤
476830,알지노믹스
014680,한솔케미칼
085620,미래에셋생명
357780,솔브레인
140410,메지온
009970,영원무역홀딩스
083650,비에이치아이
319400,현대무벡스
139130,iM금융지주
457190,이수스페셜티케미컬
001450,현대해상
005850,에스엘
139480,이마트
026960,동서
084370,유진테크
051600,한전KPS
440110,파두
028670,팬오션
064760,티씨케이
003690,코리안리
008930,한미사이언스
103140,풍산
071970,HD현대마린엔진
178320,서진시스템
279570,케이뱅크
000240,한국앤컴퍼니
068760,셀트리온제약
112610,씨에스윈드
375500,DL이앤씨
336260,두산퓨얼셀
347700,스피어
383220,F&F
000120,CJ대한통운
001430,세아베스틸지주
058610,에스피지
204320,HL만도
005290,동진쎄미켐
319660,피에스케이
475830,오름테라퓨틱
007340,DN오토모티브
257720,실리콘투
004800,효성
004370,농심
030530,원익홀딩스
018670,SK가스
030000,제일기획
192820,코스맥스
035900,JYP Ent.
097230,HJ중공업
005440,현대지에프홀딩스
218410,RFHIC
006360,GS건설
002790,아모레퍼시픽홀딩스
282330,BGF리테일
011210,현대위아
020150,롯데에너지머티리얼즈
120110,코오롱인더
023590,다우기술
081660,미스토홀딩스
031980,피에스케이홀딩스
017960,한국카본
222800,심텍
041510,에스엠
067310,하나마이크론
039200,오스코텍
131970,두산테스나
099320,쎄트렉아이
078600,대주전자재료
007810,코리아써키트
376900,로킷헬스케어
089030,테크윙
445680,큐리옥스바이오시스템즈
003540,대신증권
483650,달바글로벌
069620,대웅제약
462870,시프트업
069960,현대백화점
161890,한국콜마
491000,리브스메드
098460,고영
008770,호텔신라
085660,차바이오텍
290650,엘앤씨바이오
001120,LX인터내셔널
140860,파크시스템스
082270,젬백스
000500,가온전선
038500,삼표시멘트
073240,금호타이어
323280,태성
006040,동원산업
101490,에스앤에스텍
475150,SK이터닉스
361610,SK아이이테크놀로지
007070,GS리테일
006280,녹십자
100790,미래에셋벤처투자
298020,효성티앤씨
012630,HDC
100090,SK오션플랜트
005070,코스모신소재
003380,하림지주
003570,SNT다이내믹스
034230,파라다이스
065350,신성델타테크
001800,오리온홀딩스
437730,삼현
032350,롯데관광개발
082920,비츠로셀
090710,휴림로봇
003530,한화투자증권
232140,와이씨
115180,큐리언트
195940,HK이노엔
030610,교보증권
294870,HDC현대산업개발
060370,LS마린솔루션
397030,에이프릴바이오
020560,아시아나항공
082640,동양생명
010170,대한광통신
007310,오뚜기
174900,앱클론
003090,대웅
080220,제주반도체
322000,HD현대에너지솔루션
189300,인텔리안테크
388210,씨엠티엑스
229640,LS에코에너지
048410,현대바이오
281740,레이크머티리얼즈
181710,NHN
077970,STX엔진
052020,에스티큐브
004000,롯데정밀화학
003240,태광산업
000210,DL
213420,덕산네오룩스
035760,CJ ENM
127120,제이에스링크
417200,LS머트리얼즈
456160,지투지바이오
466100,클로봇
185750,종근당
166090,하나머티리얼즈
415640,KB발해인프라
096530,씨젠
131290,티에스이
300720,한일시멘트
032500,케이엠더블유
137400,피엔티
001740,SK네트웍스
089860,롯데렌탈
000080,하이트진로
160190,하이젠알앤엠
293490,카카오게임즈
095610,테스
007390,네이처셀
295310,에이치브이엠
253450,스튜디오드래곤
183300,코미코
027360,아주IB투자
493280,아이엠바이오로직스
005300,롯데칠성
124500,아이티센글로벌
388720,유일로보틱스
036540,SFA반도체
089970,브이엠
280360,롯데웰푸드
000670,영풍
192080,더블유게임즈
0120G0,삼양바이오팜
122870,와이지엔터테인먼트
476060,온코닉테라퓨틱스
389470,인벤티지랩
0163Y0,KoAct 코스닥액티브
192400,쿠쿠홀딩스
281820,케이씨텍
328130,루닛
005690,파미셀
036530,SNT홀딩스
036830,솔브레인홀딩스
009240,한샘
003470,유안타증권
030190,NICE평가정보
420770,기가비스
100840,SNT에너지
298050,HS효성첨단소재
056190,에스에프에이
086450,동국제약
056080,유진로봇
137310,에스디바이오센서
001510,SK증권
003160,디아이
057050,현대홈쇼핑
204270,제이앤티씨
075580,세진중공업
078160,메디포스트
005090,SGC에너지
249420,일동제약
222080,씨아이에스
003000,부광약품
006120,SK디스커버리
484870,엠앤씨솔루션
499790,GS피앤엘
285130,SK케미칼
171090,선익시스템
358570,지아이이노베이션
490470,세미파이브
044490,태웅
348370,엔켐
071320,지역난방공사
161580,필옵틱스
195870,해성디에스
032190,다우데이타
241710,코스메카코리아
009450,경동나비엔
064960,SNT모티브
006730,서부T&D
023160,태광
084110,휴온스글로벌
014620,성광벤드
002020,코오롱
006650,대한유화
050890,쏠리드
126340,비나텍
102940,코오롱생명과학
036810,에프에스티
468530,프로티나
486990,노타
456040,OCI
004490,세방전지
108320,LX세미콘
317450,명인제약
003850,보령
074600,원익QnC
121600,나노신소재
348340,뉴로메카
425420,티에프이
010780,아이에스동서
052400,코나아이
248070,솔루엠
001270,부국증권
003030,세아제강지주
000370,한화손해보험
079160,CJ CGV
025540,한국단자
079900,전진건설로봇
093370,후성
033240,자화전자
475960,토모큐브
376300,디어유
348210,넥스틴
372320,큐로셀
014820,동원시스템즈
200710,에이디테크놀로지
225570,넥슨게임즈
086900,메디톡스
005880,대한해운
033100,제룡전기
001060,JW중외제약
007700,F&F홀딩스
069260,TKG휴켐스
112040,위메이드
399720,가온칩스
114090,GKL
090460,비에이치
253590,네오셈
214320,이노션
001680,대상
365340,성일하이텍
448900,한국피아이엠
009520,포스코엠텍
002350,넥센타이어
102710,이엔에프테크놀로지
060280,큐렉소
024850,HLB이노베이션
424870,이뮨온시아
003280,흥아해운
458870,씨어스테크놀로지
015750,성우하이텍
356860,티엘비
005180,빙그레
033500,동성화인텍
067160,SOOP
003620,KG모빌리티
017940,E1
368770,파이버프로
093050,LF
381970,케이카
178920,PI첨단소재
060250,NHN KCP
053800,안랩
058650,세아홀딩스
214430,아이쓰리시스템
042000,카페24
001500,현대차증권
025980,아난티
005250,녹십자홀딩스
287840,인투셀
460930,현대힘스
000400,롯데손해보험
094800,맵스리얼티
041960,코미팜
389650,넥스트바이오메디컬
383310,에코프로에이치엔
336370,솔루스첨단소재
462900,KoAct 바이오헬스케어액티브
002840,미원상사
000640,동아쏘시오홀딩스
336570,원텍
039130,하나투어
001570,금양
272290,이녹스첨단소재
094170,동운아나텍
383800,LX홀딩스
002960,한국쉘석유
187660,페니트리움바이오
130660,한전산업
268280,미원에스씨
006380,카프로
278280,천보
950210,프레스티지바이오파마
211050,인카금융서비스
0082N0,카나프테라퓨틱스
053610,프로텍
008730,율촌화학
251970,펌텍코리아
004690,삼천리
005420,코스모화학
020000,한섬
045100,한양이엔지
019170,신풍제약
042520,한스바이오메드
161000,애경케미칼
002240,고려제강
090360,로보스타
327260,RF머트리얼즈
016610,DB증권
271940,일진하이솔루스
488900,비츠로넥스텍
016380,KG스틸
001820,삼화콘덴서
002030,아세아
014830,유니드
252990,샘씨엔에스
125490,한라캐스트
377740,바이오노트
376270,HEM파마
099190,아이센스
138490,코오롱ENP
003300,한일홀딩스
215600,신라젠
284740,쿠쿠홈시스
018290,브이티
046890,서울반도체
041190,우리기술투자
009410,태영건설
095660,네오위즈
000070,삼양홀딩스
119850,지엔씨에너지
025320,시노펙스
104830,원익머트리얼즈
047920,HLB제약
016590,신대양제지
011930,신성이엔지
036620,감성코퍼레이션
478340,나라스페이스테크놀로지
031330,에스에이엠티
338840,와이바이오로직스
206650,유바이오로직스
025900,동화기업
078350,한양디지텍
453340,현대그린푸드
034310,NICE
009900,명신산업
318060,그래피
029530,신도리코
199800,툴젠
005810,풍산홀딩스
484590,삼양컴텍
077360,덕산하이메탈
098070,한텍
093320,케이아이엔엑스
006910,보성파워텍
215200,메가스터디교육
101160,월덱스
230360,에코마케팅
217590,티엠씨
008060,대덕
494120,큐리오시스
033790,피노
079370,제우스
105840,우진
083450,GST
030520,한글과컴퓨터
067630,HLB생명과학
064260,다날
138080,오이솔루션
105630,한세실업
006220,제주은행
452260,한화갤러리아
001200,유진투자증권
065660,안트로젠
145990,삼양사
192650,드림텍
039440,에스티아이
019210,와이지-원
228760,지노믹트리
394280,오픈엣지테크놀로지
180400,DXVX
107640,한중엔시에스
091700,파트론
004700,조광피혁
017810,풀무원
089010,켐트로닉스
393890,더블유씨피
460860,동국제강
034950,한국기업평가
101930,인화정공
145720,덴티움
059090,미코
015360,INVENI
220100,퓨쳐켐
0001A0,덕양에너젠
072710,농심홀딩스
009290,광동제약
122640,예스티
016800,퍼시스
900290,GRT
031430,신세계인터내셔날
018250,애경산업
005610,SPC삼립
006110,삼아알미늄
013030,하이록코리아
441270,파인엠텍
034830,한국토지신탁
168360,펨트론
027410,BGF
069080,웹젠
394800,쓰리빌리언
080580,오킨스전자
101730,위메이드맥스
033640,네패스
170900,동아에스티
108860,셀바스AI
230240,에치에프알
340570,티앤엘
450950,아스테라시스
037460,삼지전자
183190,아세아시멘트
089590,제주항공
304360,에스바이오메딕스
006340,대원전선
060980,HL홀딩스
344820,KCC글라스
117730,티로보틱스
241520,DSC인베스트먼트
029460,케이씨
036170,에이치엠넥스
455900,엔젤로보틱스
001530,DI동일
308430,셀비온
089980,상아프론테크
078340,컴투스
025860,남해화학
200670,휴메딕스
114810,한솔아이원스
026890,스틱인베스트먼트
144510,지씨셀
0088M0,메쥬
078020,LS증권
194480,데브시스터즈
0015G0,그린광학
010690,화신
041830,인바디
053030,바이넥스
097520,엠씨넥스
046120,오르비텍
298830,슈어소프트테크
126720,수산인더스트리
091810,티웨이항공
290550,디케이티
241770,메카로
035890,서희건설
314930,바이오다인
403550,쏘카
234340,헥토파이낸셜
110990,디아이티
003800,에이스침대
041920,메디아나
084990,헬릭스미스
001940,KISCO홀딩스
093520,매커스
200880,서연이화
092870,엑시콘
126560,현대퓨처넷
051500,CJ프레시웨이
475400,씨메스
321550,티움바이오
309710,아이티켐
089890,코세스
352480,씨앤씨인터내셔널
306200,세아제강
035810,이지홀딩스
092220,KEC
086390,유니테스트
005720,넥센
084010,대한제강
001390,KG케미칼
079940,가비아
389260,대명에너지
078130,국일제지
002810,삼영무역
170920,엘티씨
482630,삼양엔씨켐
033160,엠케이전자
204620,글로벌텍스프리
002310,아세아제지
474650,링크솔루션
094360,칩스앤미디어
037270,YG PLUS
448280,에코아이
036890,진성티이씨
002710,TCC스틸
058970,엠로
015860,일진홀딩스
010820,퍼스텍
123890,한국자산신탁
365270,큐라클
078520,에이블씨엔씨
092230,KPX홀딩스
012030,DB
011760,현대코퍼레이션
018000,유니슨
001460,BYC
017860,DS단석
136480,하림
084690,대상홀딩스
179900,유티아이
389020,자람테크놀로지
001750,한양증권
236200,슈프리마
007690,국도화학
099440,스맥
046970,우리로
200130,콜마비앤에이치
217730,강스템바이오텍
043150,바텍
419530,SAMG엔터
194370,제이에스코퍼레이션
092200,디아이씨
314130,지놈앤컴퍼니
104700,한국철강
286940,롯데이노베이트
114190,강원에너지
049630,재영솔루텍
023410,유진기업
094480,갤럭시아머니트리
389500,에스비비테크
272450,진에어
361390,제노코
011500,한농화성
033270,유나이티드제약
003520,영진약품
138610,나이벡
009160,SIMPAC
073490,이노와이어리스
060720,KH바텍
317330,덕산테코피아
200470,에이팩트
064820,케이프
017390,서울가스
096760,JW홀딩스
462350,이노스페이스
274090,켄코아에어로스페이스
005680,삼영전자
900140,엘브이엠씨홀딩스
371950,풍원정밀
099430,바이오플러스
128820,대성산업
001230,동국홀딩스
000650,천일고속
086820,바이오솔루션
451760,컨텍
243070,휴온스
024720,콜마홀딩스
475560,더본코리아
378340,필에너지
265520,AP시스템
037710,광주신세계
051370,인터플렉스
003120,일성아이에스
064550,바이오니아
330860,네패스아크
085910,네오티스
001340,PKC
101360,에코앤드림
069540,빛과전자
151860,KG에코솔루션
023760,한국캐피탈
003920,남양유업
472850,폰드그룹
215000,골프존
216080,제테마
416180,신성에스티
009680,모토닉
014940,오리엔탈정공
034120,SBS
131030,옵투스제약
042370,비츠로테크
024060,흥구석유
054950,제이브이엠
445090,에이직랜드
221800,유투바이오
067390,아스트
354320,알멕
003960,사조대림
088800,에이스테크
002320,한진
092790,넥스틸
255220,SG
005010,휴스틸
004310,현대약품
322310,오로스테크놀로지
294570,쿠콘
004360,세방
251370,와이엠티
000320,노루홀딩스
045390,대아티아이
049070,인탑스
226590,엠디바이스
000540,흥국화재
025770,한국정보통신
243840,신흥에스이씨
036200,유니셈
078070,유비쿼스홀딩스
357550,석경에이티
272110,케이엔제이
053690,한미글로벌
304100,솔트룩스
035600,KG이니시스
000490,대동
002900,TYM
092730,네오팜
267980,매일유업
160980,싸이맥스
241590,화승엔터프라이즈
095500,미래나노텍
035510,신세계 I&C
058820,CMG제약
464080,에스오에스랩
012210,삼미금속
003200,일신방직
013120,동원개발
474170,루미르
058430,포스코스틸리온
0007C0,아크릴
003070,코오롱글로벌
018310,삼목에스폼
067080,대화제약
054210,이랜텍
084850,아이티엠반도체
117580,대성에너지
0008Z0,에스엔시스
065680,우주일렉트로
256840,한국비엔씨
007160,사조산업
176750,듀켐바이오
000390,삼화페인트
211270,AP위성
106190,하이텍팜
182400,엔케이젠바이오텍코리아
035150,백산
452430,사피엔반도체
950170,JTC
134380,미원화학
001790,대한제당
452280,한선엔지니어링
100120,뷰웍스
061970,LB세미콘
043370,피에이치에이
234690,녹십자웰빙
000050,경방
123330,제닉
194700,노바렉스
005710,대원산업
036800,나이스정보통신
092460,한라IMS
003720,삼영
115450,HLB테라퓨틱스
418550,제이오
380550,뉴로핏
108670,LX하우시스
206640,바디텍메드
126700,하이비젼시스템
121800,비덴트
402490,그린리소스
001130,대한제분
377460,위니아에이드
950140,잉글우드랩
481070,에이유브랜즈
950250,테라뷰
108380,대양전기공업
033920,무학
254490,미래반도체
094820,일진파워
122900,아이마켓코리아
332570,PS일렉트로닉스
030210,다올투자증권
459510,나우로보틱스
001630,종근당홀딩스
053300,한국정보인증
091580,상신이디피
068930,디지털대성
007570,일양약품
012860,모베이스전자
056090,시지메드텍
264450,유비쿼스
112290,와이씨켐
289080,SV인베스트먼트
136490,선진
000680,LS네트웍스
289930,웨이비스
005500,삼진제약
382900,범한퓨얼셀
000430,대원강업
462860,더즌
064290,인텍플러스
199430,케이엔알시스템
403850,더핑크퐁컴퍼니
214180,헥토이노베이션
009470,삼화전기
126600,BGF에코머티리얼즈
044450,KSS해운
053210,스카이라이프
013890,지누스
210980,SK디앤디
353810,이지바이오
190510,나무가
034810,해성산업
064850,에프앤가이드
039840,디오
036030,케이티알파
457550,우진엔텍
004560,현대비앤지스틸
402030,코난테크놀로지
017890,한국알콜
475230,엔알비
244920,에이플러스에셋
199820,제일일렉트릭
092070,디엔에프
028100,동아지질
095570,AJ네트웍스
051360,토비스
144960,뉴파워프라즈마
307750,국전약품
083310,엘오티베큠
003220,대원제약
495230,KoAct 코리아밸류업액티브
461300,아이스크림미디어
372170,윤성에프앤씨
203400,에이비온
004980,성신양회
484810,티엑스알로보틱스
338220,뷰노
000480,CR홀딩스
041020,폴라리스오피스
036560,KZ정밀
065710,서호전기
095700,제넥신
179290,엠아이텍
013580,계룡건설
019010,베뉴지
098120,마이크로컨텍솔
007860,서연
357580,아모센스
079960,동양이엔피
226320,잇츠한불
036190,금화피에스시
008490,서흥
084680,이월드
039570,HDC랩스
010580,에스엠벡셀
119610,인터로조
0004V0,엔비알모션
285490,노바텍
004430,송원산업
484120,도우인시스
417010,나노팀
0011A0,액스비스
432720,퀄리타스반도체
408470,한패스
104480,티케이케미칼
140670,알에스오토메이션
298690,에어부산
115310,인포바인
016880,웅진
000520,삼일제약
025000,KPX케미칼
039860,나노엔텍
001080,만호제강
102260,동성케미컬
002150,도화엔지니어링
033530,SJG세종
237880,클리오
299030,하나기술
297090,씨에스베어링
242040,나무기술
456010,아이씨티케이
001250,GS글로벌
425040,티이엠씨
270660,에브리봇
004090,한국석유
121440,골프존홀딩스
293780,압타바이오
080160,모두투어
032620,유비케어
011690,와이투솔루션
123860,아나패스
003460,유화증권
496020,WON 전단채플러스액티브
000140,하이트진로홀딩스
234080,JW생명과학
118990,모트렉스
005950,이수화학
388050,지투파워
271980,제일약품
003610,방림
487570,HS효성
003350,한국화장품제조
082800,비보존 제약
235980,메드팩토
339770,교촌에프앤비
472920,HK 종합채권(AA-이상)액티브
489500,엘케이켐
380540,옵티코어
405100,큐알티
004380,삼익THK
001780,알루코
039560,다산네트웍스
272550,삼양패키징
213500,한솔제지
078150,HB테크놀러지
377450,리파인
439090,마녀공장
143240,사람인
061090,세나테크놀로지
052710,아모텍
356680,엑스게이트
123410,코리아에프티
102120,어보브반도체
114840,아이패밀리에스씨
129920,대성하이텍
016450,한세예스24홀딩스
086890,이수앱지스
083930,아바코
217270,넵튠
003650,미창석유
048870,시너지이노베이션
156100,엘앤케이바이오
042420,네오위즈홀딩스
000860,강남제비스코
357880,SKAI
005960,동부건설
290740,액트로
060150,인선이엔티
016580,환인제약
015230,대창단조
340450,지씨지놈
300080,플리토
214390,경보제약
473980,노머스
143160,아이디스
071840,롯데하이마트
122990,와이솔
100250,진양홀딩스
334970,프레스티지바이오로직스
031440,신세계푸드
475580,에이럭스
054450,텔레칩스
001520,동양
081000,일진다이아
290690,소룩스
046440,KG모빌리언스
017900,광전자
102460,이연제약
016790,현대사료
232680,라온로보틱스
452450,피아이이
002990,금호건설
322510,제이엘케이
011560,세보엠이씨
101970,우양에이치씨
323990,박셀바이오
219130,타이거일렉
101530,해태제과식품
002100,경농
146320,비씨엔씨
389030,지니너스
264850,이랜시스
471040,KoAct 글로벌AI&로봇액티브
008830,대동기어
355150,코스텍시스
0015B0,KoAct 미국나스닥성장기업액티브
038290,마크로젠
032940,원익
267320,나인테크
002170,삼양통상
005430,한국공항
052330,코텍
101170,우림피티에스
006060,화승인더
282720,금양그린파워
068790,DMS
008970,KBI동양철관
042600,새로닉스
090350,노루페인트
037560,LG헬로비전
092130,이크레더블
002230,피에스텍
009070,KCTC
460850,동국씨엠
001360,삼성제약
418420,라온텍
009580,무림P&P
307180,아이엘
038390,레드캡투어
365330,에스와이스틸텍
382800,지앤비에스 에코
047310,파워로직스
000300,DH오토넥스
023910,대한약품
000700,유수홀딩스
066620,국보디자인
456070,이엔셀
008350,남선알미늄
005160,동국산업
051980,중앙첨단소재
004960,한신공영
007330,푸른저축은행
469610,이노테크
293580,나우IB
037070,파세코
321370,센서뷰
089470,HDC현대EP
011040,경동제약
086980,쇼박스
220260,켐트로스
187870,디바이스
125020,티씨머티리얼즈
293480,하나제약
054800,아이디스홀딩스
038110,에코플라스틱
000020,동화약품
214420,토니모리
476040,오가노이드사이언스
126730,코칩
067000,조이시티
025620,차AI헬스케어
119830,아이텍
264660,씨앤지하이테크
104460,디와이피엔에프
453450,그리드위즈
067280,멀티캠퍼스
054620,APS
003830,대한화섬
069510,에스텍
049430,코메론
333430,일승
012200,계양전기
035080,그래디언트
256940,킵스파마
462520,조선내화
012610,경인양행
033340,좋은사람들
090470,제이스텍
317400,자이에스앤디
108230,톱텍
093640,케이알엠
182360,큐브엔터
464490,쿼드메디슨
260970,에스앤디
474610,RF시스템즈
259630,엠플러스
282880,코윈테크
234030,싸이닉솔루션
047770,코데즈컴바인
474590,WON 반도체밸류체인액티브
203650,드림시큐리티
047560,이스트소프트
331740,아우토크립트
025820,이구산업
417500,제이아이테크
066410,버킷스튜디오
080420,모다이노칩
046070,코다코
078000,텔코웨어
138360,앤로보틱스
488280,에스투더블유
013990,아가방컴퍼니
148150,세경하이테크
388790,라이콤
158430,아톤
007540,샘표
417840,저스템
204610,티쓰리
011280,태림포장
044820,코스맥스비티아이
037350,성도이엔지
004710,한솔테크닉스
041440,현대에버다임
006620,동구바이오제약
225530,HC보광산업
023600,삼보판지
018470,조일알미늄
000970,한국주철관
053700,삼보모터스
086670,비엠티
092190,서울바이오시스
004970,신라교역
008110,대동전자
322180,LS티라유텍
136150,원일티엔아이
027970,한국제지
021820,세원정공
009270,신원
024800,유성티엔에스
147830,제룡산업
107590,미원홀딩스
107600,새빗켐
0015S0,페스카로
071200,인피니트헬스케어
019180,티에이치엔
005990,매일홀딩스
021080,에이티넘인베스트
040300,YTN
115440,우리넷
210540,디와이파워
090850,현대이지웰
265740,엔에프씨
002390,한독
192440,슈피겐코리아
059120,아진엑스텍
122450,KX
054920,한컴위드
298000,효성화학
095190,이엠코리아
004250,NPC
255440,야스
214680,디알텍
093190,빅솔론
005860,한일사료
049720,고려신용정보
083500,에프엔에스테크
360070,탑머티리얼
000440,중앙에너비스
027710,팜스토리
297890,HB솔루션
310200,애니플러스
054540,삼영엠텍
217820,원익피앤이
008040,사조동아원
070960,모나용평
094280,효성ITX
003480,한진중공업홀딩스
011700,한신기계
063570,NICE인프라
014280,금강공업
403790,마이다스 코스피액티브
445180,퓨릿
336680,탑런토탈솔루션
250060,모비스
240550,동방메디컬
465780,마이티 26-09 특수채(AAA)액티브
079430,현대리바트
226400,오스테오닉
225190,LK삼양
263720,디앤씨미디어
003100,선광
015890,태경산업
014970,삼륭물산
017510,세명전기
131370,알서포트
215100,로보로보
072870,메가스터디
109740,디에스케이
073010,케이에스피
014160,대영포장
363280,티와이홀딩스
053080,케이엔솔
035000,HS애드
024090,디씨엠
004150,한솔홀딩스
021320,KCC건설
005800,신영와코루
010100,한국무브넥스
002620,제일파마홀딩스
016710,대성홀딩스
036710,심텍홀딩스
408920,메쎄이상
019680,대교
002780,진흥기업
065450,빅텍
149950,아바텍
136540,윈스테크넷
049960,쎌바이오텍
013520,화승코퍼레이션
083420,그린케미칼
123040,엠에스오토텍
306620,지아이에스
052420,오성첨단소재
382840,원준
085670,뉴프렉스
089600,KT나스미디어
045970,코아시아
036220,오상헬스케어
012320,경동인베스트
388870,파로스아이바이오
095720,웅진씽크빅
063170,서울옥션
166480,코아스템켐온
037030,파워넷
246710,티앤알바이오팹
088130,동아엘텍
123690,한국화장품
024880,케이피에프
016740,두올
109610,에스와이
209640,와이제이링크
048530,인트론바이오
413630,씨피시스템
096250,와이즈넛
269620,시스웍
077500,유니퀘스트
029480,광무
205100,엑셈
014530,극동유화
396270,넥스트칩
067990,도이치모터스
309960,LB인베스트먼트
389140,포바이포
004140,동방
267290,경동도시가스
013570,디와이
100130,동국S&C
004080,신흥
494220,UNICORN SK하이닉스밸류체인액티브
248170,샘표식품
489460,바이오비쥬
092040,아미코젠
010660,화천기계
067830,세이브존I&C
032300,한국파마
054050,농우바이오
001290,상상인증권
004440,삼일씨엔에스
337930,젝시믹스
040160,누리플렉스
0074K0,KoAct K수출핵심기업TOP30액티브
067900,와이엔텍
059210,메타바이오메드
348150,고바이오랩
014790,HL D&I
014710,사조씨푸드
052260,현대바이오랜드
036690,코맥스
099750,이지케어텍
025950,동신건설
002460,HS화성
120030,조선선재
014580,태경비케이
049950,미래컴퍼니
007210,벽산
038540,상상인
051160,지어소프트
417970,모델솔루션
141000,비아트론
009780,엠에스씨
049520,유아이엘
251120,바이오에프디엔씨
308080,바이젠셀
003310,대주산업
008700,아남전자
263860,지니언스
223250,드림씨아이에스
015590,DKME
096240,크레버스
000230,일동홀딩스
005870,휴니드
0000Y0,HK 26-12 회사채(AA-이상)액티브
071280,로체시스템즈
086710,선진뷰티사이언스
013310,아진산업
023900,풍국주정
096350,대창솔루션
020120,키다리스튜디오
046210,HLB파나진
208370,셀바스헬스케어
012800,대창
305090,마이크로디지탈
439580,블루엠텍
074430,아미노로직스
381620,제닉스로보틱스
152870,파워 200
017550,수산세보틱스
307930,컴퍼니케이
063080,컴투스홀딩스
039980,폴라리스AI
053580,웹케시
044990,에이치엔에스하이텍
036580,팜스코
083790,CG인바이츠
036010,아비코전자
125210,아모그린텍
086960,MDS테크
267850,아시아나IDT
034590,인천도시가스
317770,엑스페릭스
366030,공구우먼
432470,케이엔에스
007110,일신석재
084670,동양고속
105330,케이엔더블유
018120,진로발효
0015N0,아로마티카
139990,아주스틸
091120,이엠텍
036420,콘텐트리중앙
041590,플래스크
002200,한국수출포장
073560,우리손에프앤지
418470,KT밀리의서재
088390,이녹스
033290,로젠
059270,해성에어로보틱스
396470,워트
187790,나노
004100,태양금속
026150,특수건설
124560,태웅로직스
001020,페이퍼코리아
278650,HLB바이오스텝
100700,세운메디칼
039340,한국경제TV
078140,대봉엘에스
067290,JW신약
298540,더네이쳐홀딩스
227840,현대코퍼레이션홀딩스
443670,에스피소프트
498180,파워 종합채권(AA-이상)액티브
424960,스마트레이더시스템
002450,삼익악기
007460,에이프로젠
058850,KTcs
115500,케이씨에스
330350,위더스제약
101670,하이드로리튬
038460,바이오스마트
370090,퓨런티어
066310,큐에스아이
330730,스톤브릿지벤처스
446540,메가터치
011810,STX
463020,뉴엔AI
205500,넥써쓰
048550,SM C&C
303810,동국생명과학
217330,싸이토젠
142210,유니트론텍
030960,양지사
377480,마음AI
348080,큐라티스
002720,국제약품
006840,AK홀딩스
066590,우수AMS
041520,이엘씨
495710,BNK 26-06 특수채(AAA이상)액티브
089230,THE E&M
0135Y0,ITF 중기종합채권(AA-이상)액티브
039830,오로라
004840,DRB동일
078890,가온그룹
149980,하이로닉
033130,디지틀조선
950130,엑세스바이오
299170,더블유에스아이
311690,CJ 바이오사이언스
001560,제일연마
261780,차백신연구소
192410,오늘이엔엠
290720,푸드나무
023450,동남합성
023800,인지컨트롤스
950190,고스트스튜디오
006890,태경케미컬
063160,종근당바이오
004060,SG세계물산
101330,모베이스
172670,에이엘티
047820,초록뱀미디어
460940,피앤에스로보틱스
317830,에스피시스템스
191420,테고사이언스
017370,우신시스템
228850,레이언스
362320,청담글로벌
315640,딥노이드
011370,서한
066700,테라젠이텍스
443250,레뷰코퍼레이션
264900,크라운제과
137950,제이씨케미칼
008260,NI스틸
054670,대한뉴팜
001540,안국약품
003580,HLB글로벌
040910,아이씨디
081180,쎄크
117670,알파칩스
493330,지에프아이
214270,FSN
339950,아이비김영
214330,금호에이치티
173130,오파스넷
101140,인바이오젠
105550,엣지파운드리
000180,성창기업지주
007820,에스엠코어
019550,SBI인베스트먼트
009300,삼아제약
032560,황금에스티
290660,네오펙트
014950,삼익제약
119650,KC코트렐
013360,일성건설
294630,서남
041910,폴라리스AI파마
084650,랩지노믹스
042510,라온시큐어
005740,크라운해태홀딩스
357230,에이치피오
120240,대정화금
065530,와이어블
010960,삼호개발
246720,아스타
175140,휴먼테크놀로지
002220,한일철강
452190,한빛레이저
006140,피제이전자
043610,KT지니뮤직
277880,티에스아이
058860,KTis
205470,휴마시스
024830,세원물산
091440,한울소재과학
105740,디케이락
302550,리메드
448710,코츠테크놀로지
348350,위드텍
060560,HC홈센타
058630,엠게임
058400,KNN
011150,CJ씨푸드
005750,대림바스
002700,신일전자
201490,미투온
066790,씨씨에스
024740,한일단조
041930,동아화성
352090,스톰테크
453860,에이에스텍
013870,지엠비코리아
035610,솔본
068240,다원시스
448100,WON 200
060570,드림어스컴퍼니
163560,동일고무벨트
079980,휴비스
412350,레이저쎌
007980,TP
060590,씨티씨바이오
048910,대원미디어
093920,서원인텍
411080,샌즈랩
084730,팅크웨어
413390,엠오티
004890,동일산업
461030,아이엠비디엑스
033320,제이씨현시스템
065170,비엘팜텍
360350,코셈
163730,핑거
079810,디이엔티
006660,삼성공조
014440,영보화학
023000,삼원강재
012700,리드코프
396300,세아메카닉스
065510,휴비츠
234300,에스트래픽
082850,우리바이오
110790,크리스에프앤씨
347890,엠투아이
290670,대보마그네틱
064800,포니링크
067570,엔브이에이치코리아
053280,예스24
049080,기가레인
068290,삼성출판사
261520,이지스
214260,라파스
212560,네오오토
102370,케이옥션
040420,정상제이엘에스
950220,네오이뮨텍
458350,에스팀
216050,인크로스
323350,다원넥스뷰
031820,아이티센씨티에스
241690,유니테크노
012690,모나리자
000590,CS홀딩스
032850,비트컴퓨터
382480,지아이텍
104040,대성파인텍
265560,영화테크
004650,창해에탄올
203690,아크솔루션스
260930,씨티케이
419050,삼기에너지솔루션즈
042500,링네트
011000,진원생명과학
131400,이브이첨단소재
130580,나이스디앤비
002600,조흥
007280,한국특강
463480,모티브링크
076610,해성옵틱스
044340,위닉스
311320,지오엘리먼트
451220,아이엠티
071670,에이테크솔루션
009200,무림페이퍼
001260,남광토건
134580,탑코미디어
373200,엑스플러스
126880,제이엔케이글로벌
251630,브이원텍
340360,다보링크
111380,동인기연
048430,유라테크
061250,화일약품
170030,현대공업
072020,중앙백신
451250,삐아
019990,에너토크
228670,레이
100590,머큐리
085310,엔케이
094840,슈프리마에이치큐
207760,미스터블루
002800,신신제약
016250,SGC E&C
183490,엔지켐생명과학
376930,노을
204840,지엘팜텍
036630,세종텔레콤
217500,러셀
049180,셀루메드
347000,센코
136410,아셈스
004720,팜젠사이언스
053050,지에스이
019540,일지테크
033230,인성정보
263600,덕우전자
006880,신송홀딩스
054040,한국컴퓨터
226330,신테카바이오
025550,한국선재
049470,비트플래닛
053260,금강철강
036640,HRS
027830,대성창투
440910,WON 미국우주항공방산
900250,크리스탈신소재
382150,온코크로스
009180,한솔로지스틱스
378800,샤페론
111710,남화산업
020710,시공테크
099220,SDN
478560,블랙야크아이앤씨
299900,위지윅스튜디오
081150,티플랙스
175250,아이큐어
222040,코스맥스엔비티
317870,엔바이오니아
142280,녹십자엠에스
066430,아이로보틱스
000850,화천기공
412540,제일엠앤에스
208140,정다운
289220,자이언트스텝
317690,퀀타매트릭스
046940,우원개발
052900,KX하이텍
007590,동방아그로
039610,화성밸브
014470,부방
206560,덱스터
023810,인팩
273640,와이엠텍
446840,지슨
001470,삼부토건
094940,푸른기술
222160,NPX
391710,코닉오토메이션
452400,이닉스
253840,수젠텍
009770,삼정펄프
417790,트루엔
307870,비투엔
476850,KoAct 배당성장액티브
018500,동원금속
004540,깨끗한나라
010040,한국내화
187420,HLB제넥스
127710,아시아경제
045660,에이텍
215360,우리산업
037230,한국팩키지
001550,조비
040350,크레오에스지
089850,유비벨록스
052860,아이앤씨
459100,위츠
246690,TS인베스트먼트
017650,대림제지
011390,부산산업
475430,키스트론
0013V0,삼진식품
006090,사조오양
900260,로스웰
294140,레몬
053450,세코닉스
460870,에스엠씨지
128660,피제이메탈
217190,제너셈
299660,셀리드
435570,에르코스
033310,엠투엔
246960,SCL사이언스
227950,엔투텍
055490,테이팩스
024840,KBI메탈
013700,까뮤이앤씨
036120,서울평가정보
241790,티이엠씨씨엔에스
041460,한국전자인증
262260,에이프로
331380,포커스에이아이
104620,노랑풍선
408900,스튜디오미르
153710,옵티팜
002630,오리엔트바이오
036000,예림당
024910,경창산업
171120,라이온켐텍
291650,압타머사이언스
016090,대현
222110,팬젠
000220,유유제약
234100,폴라리스세원
043650,국순당
263800,데이타솔루션
0154F0,WON 초대형IB&금융지주
011320,유니크
480370,씨케이솔루션
027050,코리아나
0007N0,아이엠에셋 200
001620,케이비아이동국실업
104540,코렌텍
129260,인터지스
424980,마이크로투나노
066980,한성크린텍
038680,에스넷
004590,한국가구
123420,위메이드플레이
159580,제로투세븐
094850,참좋은여행
036090,위지트
212710,아이에스티이
039020,이건홀딩스
017480,삼현철강
043710,서울리거
058730,다스코
010470,오리콤
012790,신일제약
459550,알트
003780,진양산업
078590,휴림에이텍
234920,자이글
095270,웨이브일렉트로
063440,SM Life Design
317850,대모
053350,이니텍
347860,알체라
004410,서울식품
039010,현대에이치티
040610,SG&G
192250,케이사인
140070,서플러스글로벌
072470,우리산업홀딩스
100220,비상교육
317530,캐리소프트
064240,홈캐스트
062970,한국첨단소재
054930,유신
168330,내츄럴엔도텍
111110,호전실업
099410,동방선기
042110,에스씨디
052220,iMBC
039420,케이엘넷
088280,쏘닉스
199550,레이저옵텍
332370,아이디피
109070,주성코퍼레이션
159010,아스플로
073640,테라사이언스
071090,하이스틸
065500,오리엔트정공
002760,보락
003010,혜인
004830,덕성
036670,삼양케이씨아이
082210,옵트론텍
069730,DSR제강
056360,코위버
000910,유니온
039240,경남스틸
479960,위너스
072130,유엔젤
011330,유니켐
950200,소마젠
318160,셀바이오휴먼텍
047400,유니온머티리얼
393210,토마토시스템
065440,이루온
378850,화승알앤에이
238090,앤디포스
002140,고려산업
092440,기신정기
049480,오픈베이스
015710,코콤
155660,DSR
162300,신스틸
331920,셀레믹스
060310,3S
491700,HK 200
155650,와이엠씨
457370,한켐
196300,HLB펩
010280,아이티센엔텍
302430,이노메트리
037760,쎄니트
198440,강동씨앤엘
072990,에이치시티
372910,한컴라이프케어
087260,모바일어플라이언스
189980,흥국에프엔비
486240,DAISHIN343 AI반도체&인프라액티브
185490,아이진
067920,이글루
007370,진양제약
067370,선바이오
488720,WON 종합채권(AA-이상)액티브
109860,동일금속
444490,WON 미국S&P500
365590,하이딥
104200,NHN벅스
122310,제노레이
024900,디와이덕양
053950,경남제약
080010,이상네트웍스
033170,시그네틱스
006980,우성
017180,명문제약
340440,세림B&G
145170,노브랜드
222420,쎄노텍
004910,조광페인트
261200,덴티스
0010V0,제이피아이헬스케어
068330,일신바이오
049550,잉크테크
196450,코아시아씨엠
373160,데이원컴퍼니
219550,디와이디
219750,한국비티비
238120,얼라인드
109080,옵티시스
053270,구영테크
052790,액토즈소프트
229000,젠큐릭스
333620,엔시스
218150,미래생명자원
033540,파라텍
072770,멤레이비티
004780,대륙제관
088910,동우팜투테이블
096630,에스코넥
054300,팬스타엔터프라이즈
037950,엘컴텍
037330,인지디스플레
014190,원익큐브
347740,피엔케이피부임상연구센타
458030,WON 국공채머니마켓액티브
053620,태양
0005G0,ITF K-AI반도체코어테크
351330,이삭엔지니어링
010240,흥국
237820,플레이디
050960,수산아이앤티
007120,미래아이앤지
321820,아티스트컴퍼니
215090,솔디펜스
303360,프로티아
093240,형지엘리트
127980,화인써키트
045340,토탈소프트
053980,오상자이엘
092300,현우산업
003060,에이프로젠바이오로직스
419120,산돌
263690,디알젬
170790,파이오링크
407400,꿈비
033830,티비씨
025560,미래산업
288620,에스퓨얼셀
001380,SG글로벌
089150,케이씨티
384470,코어라인소프트
008370,원풍
004450,삼화왕관
000950,전방
005670,푸드웰
000890,보해양조
340930,유일에너테크
072950,빛샘전자
306040,에스제이그룹
100030,인지소프트
352910,오비고
413640,비아이매트릭스
004770,써니전자
403490,우듬지팜
092780,DYP
198080,캐프
122690,서진오토모티브
177900,쓰리에이로직스
200230,텔콘RF제약
075180,새론오토모티브
189860,서전기전
256630,포인트엔지니어링
037440,희림
038070,서린바이오
099520,DGI
012160,영흥
007680,대원
173940,에프엔씨엔터
033560,블루콤
021050,서원
440290,HB인베스트먼트
245620,EDGC
122350,삼기
434960,DAISHIN343 K200
143540,영우디에스피
023960,에쓰씨엔지니어링
032960,동일기연
010770,평화홀딩스
452300,캡스톤파트너스
471820,셀로맥스사이언스
041650,상신브레이크
097800,윈팩
089790,제이티
466410,사이냅소프트
004920,씨아이테크
123700,SJM
043910,자연과환경
105760,포스뱅크
219420,링크제니시스
277070,린드먼아시아
311390,네오크레마
361570,알비더블유
038010,제일테크노스
014990,인디에프
006050,국영지앤엠
314140,알피바이오
090410,덕신이피씨
452200,민테크
106240,파인테크닉스
288330,파라택시스코리아
460470,아이빔테크놀로지
320000,한울반도체
0104H0,KoAct 미국나스닥채권혼합50액티브
066130,하츠
009190,대양금속
450330,하스
217480,에스디생명공학
137080,나래나노텍
024950,삼천리자전거
100660,서암기계공업
258610,케일럼
114450,그린생명과학
032540,TJ미디어
025530,SJM홀딩스
419080,엔젯
095910,에스에너지
487750,BNK 온디바이스AI
042940,상지건설
061040,알에프텍
388610,지에프씨생명과학
364950,에이아이코리아
007610,선도전기
332290,누보
452160,제이엔비
016600,큐캐피탈
432430,와이랩
300120,라온피플
006920,모헨즈
273060,와이즈버즈
012280,영화금속
190650,코리아에셋투자증권
260660,알리코제약
056700,신화인터텍
038880,아이에이
241840,에이스토리
006370,대구백화점
002410,범양건영
097870,효성오앤비
398120,에스지헬스케어
013720,THE CUBE&
088340,유라클
126640,화신정공
179530,애드바이오텍
476080,M83
0113P0,HK 머니마켓액티브
003080,SB성보
189690,포시에스
250000,보라티알
054780,키이스트
426150,WON 대한민국국고채액티브
376180,피코그램
352700,씨앤투스
087600,픽셀플러스
096610,알에프세미
027740,마니커
086040,바이오톡스텍
023350,한국종합기술
066360,체리부로
079000,와토스코리아
049800,우진플라임
064480,브리지텍
007720,소노스퀘어
103840,우양
465480,인스피언
097780,에코볼트
009320,아진전자부품
307280,원바이오젠
221840,하이즈항공
363250,진시스템
007530,와이엠
002920,유성기업
393970,대진첨단소재
051490,나라엠앤디
033200,모아텍
066670,디티씨
444530,심플랫폼
160550,NEW
002290,삼일기업공사
060850,영림원소프트랩
090080,평화산업
046310,백금T&A
128540,에코캡
239890,피엔에이치테크
043340,에쎈테크
057540,옴니시스템
186230,그린플러스
011420,갤럭시아에스엠
464280,티디에스팜
044960,이글벳
094970,제이엠티
317240,TS트릴리온
048770,TPC
032790,엠젠솔루션
297570,알로이스
065130,탑엔지니어링
032860,더라미
464500,아이언디바이스
178780,일월지엠엘
354200,엔젠바이오
011230,삼화전자
084870,TBH글로벌
083550,케이엠
069410,엔텔스
025880,케이씨피드
051630,진양화학
0098Z0,FOCUS 200
001210,금호전기
224110,에이텍모빌리티
011300,성안머티리얼스
376290,씨유테크
363260,모비데이즈
082660,코스나인
184230,SGA솔루션즈
006200,한국전자홀딩스
336060,웨이버스
052460,아이크래프트
418250,시큐레터
051390,YW
199480,뱅크웨어글로벌
200350,아티스트스튜디오
171010,램테크놀러지
001000,신라섬유
023440,제이스코홀딩스
200780,비씨월드제약
220180,핸디소프트
271830,팸텍
008420,문배철강
208860,다산디엠씨
065950,웰크론
359090,씨엔알리서치
020760,일진디스플
119500,포메탈
038620,위즈코프
263700,케어랩스
049830,승일
069460,대호에이엘
263810,상신전자
073110,엘엠에스
321260,프로이천
026040,제이에스티나
091590,남화토건
031310,아이즈비전
263770,유에스티
450520,인스웨이브
008870,금비
215380,우정바이오
335810,프리시젼바이오
039310,세중
019770,서연탑메탈
005030,부산주공
206400,베노티앤알
002360,SH에너지화학
296640,이노룰스
133820,화인베스틸
420570,제이투케이바이오
080530,코디
053160,프리엠스
140520,대창스틸
074610,이엔플러스
068050,팬엔터테인먼트
021880,메이슨캐피탈
050860,아세아텍
017040,광명전기
203450,유니온바이오메트릭스
308170,씨티알모빌리티
407830,에셋플러스 글로벌플랫폼액티브
263020,디케이앤디
228340,동양파일
025750,한솔홈데코
081580,성우전자
448570,FOCUS AI코리아액티브
232830,아이티센피엔에스
067170,오텍
086060,진바이오텍
057680,티사이언티픽
014570,고려제약
123570,이엠넷
351870,차이커뮤니케이션
133750,메가엠디
037370,EG
475460,미트박스
129890,앱코
277410,인산가
256150,한독크린텍
318410,비비씨
008250,이건산업
002880,대유에이텍
114630,폴라리스우노
024120,KB오토시스
070300,엑스큐어
290090,트윔
465770,STX그린로지스
038870,에코바이오
257370,피엔티엠에스
046390,삼화네트웍스
052600,한네트
189330,씨이랩
057030,YBM넷
462510,라메디텍
195500,마니커에프앤지
000760,이화산업
101240,씨큐브
065650,하이퍼코퍼레이션
475660,에스켐
434480,모니터랩
318020,포인트모바일
383930,디티앤씨알오
101000,KS인더스트리
347770,핌스
455180,케이지에이
024940,PN풍년
012620,원일특강
221980,케이디켐
417860,오브젠
020180,대신정보통신
118000,메타케어
002870,신풍
163280,에어레인
019490,엑시큐어하이트론
462980,아이지넷
109820,진매트릭스
263920,휴엠앤씨
0150K0,KoAct 수소전력ESS인프라액티브
080520,오디텍
153460,네이블
373170,엠아이큐브솔루션
131100,티엔엔터테인먼트
430690,한싹
066910,손오공
039290,인포뱅크
035460,기산텔레콤
239610,에이치엘사이언스
038530,케이바이오
150900,파수
004870,티웨이홀딩스
355390,크라우드웍스
290120,DH오토리드
153490,우리이앤엘
147760,피엠티
075970,동국알앤에스
026940,부국철강
489290,WON 미국빌리어네어
270870,뉴트리
064090,인크레더블버즈
290560,파라택시스이더리움
290520,신도기연
475070,KoAct 글로벌친환경전력인프라액티브
195990,에이비프로바이오
210120,캔버스엔
223310,사토시홀딩스
013810,스페코
204020,그리티
025440,DH오토웨어
387570,파인메딕스
286750,나노실리칸첨단소재
142760,모아라이프플러스
045060,오공
351320,넥사다이내믹스
059100,아이컴포넌트
270520,앱튼
239340,이스트에이드
134790,시디즈
464580,닷밀
043200,파루
318000,KBG
262840,아이퀘스트
064520,테크엘
071850,캐스텍코리아
0020H0,KoAct 글로벌양자컴퓨팅액티브
356890,싸이버원
075130,플랜티넷
123010,알엔티엑스
009460,한창제지
109960,앱토크롬
014910,성문전자
469750,아이비젼웍스
090370,메타랩스
032580,피델릭스
045510,정원엔시스
021650,한국큐빅
065370,위세아이텍
285800,진영
353590,오토앤
254120,자비스
013000,세우글로벌
177830,파버나인
146060,율촌
187270,신화콘텍
099390,브레인즈컴퍼니
001070,대한방직
196490,디에이테크놀로지
039740,한국정보공학
001810,무림SP
215790,이노인스트루먼트
001840,이화공영
342870,오아
284620,카이노스메드
130500,GH신소재
005320,온타이드
148780,비큐AI
068940,셀피글로벌
009730,이렘
005820,원림
377220,프롬바이오
009140,경인전자
298060,에스씨엠생명과학
053290,NE능률
169330,엠브레인
140950,파워 코스피100
263050,유틸렉스
049120,파인디앤씨
038060,루멘스
238490,힘스
027580,상보
225220,제놀루션
017000,신원종합개발
035200,프럼파스트
131220,대한과학
187220,디티앤씨
438700,버넥트
123750,알톤
054220,비츠로시스
000040,KR모터스
060540,에스에이티
442260,마이티 다이나믹퀀트액티브
090150,아이윈
274400,이노시뮬레이션
123840,뉴온
462310,뉴키즈온
252500,세화피앤씨
140430,카티스
303030,지니틱스
291230,엔피
056730,CNT85
290270,휴네시온
094860,네오리진
376980,원티드랩
301300,바이브컴퍼니
052300,오션인더블유
079170,한창산업
440320,오픈놀
006740,블루산업개발
340810,시선AI
089140,넥스턴앤롤코리아
051380,피씨디렉트
038950,파인디지털
050120,ES큐브
058110,멕아이씨에스
258790,소프트캠프
367000,플래티어
036480,대성미생물
047080,한빛소프트
042040,케이피엠테크
073570,리튬포어스
005360,모나미
335870,윙스풋
024890,대원화성
487130,KoAct AI인프라액티브
009810,플레이그램
236810,엔비티
446070,유니드비티플러스
066900,디에이피
022220,티케이지애강
148250,알엔투테크놀로지
002420,세기상사
008470,부스타
069140,누리플랜
900310,컬러레이
405920,나라셀라
014130,한익스프레스
397810,애드포러스
002690,동일제강
018680,서울제약
083640,인콘
115610,이미지스
015260,에이엔피
019660,글로본
023150,MH에탄올
088790,진도
333050,모코엠시스
900340,윙입푸드
115160,휴맥스
003680,한성기업
048470,대동스틸
258830,세종메디칼
431190,케이쓰리아이
024070,WISCOM
033250,체시스
016670,디모아
237750,피앤씨테크
457600,벡트
109670,씨싸이트
310870,디와이씨
084180,수성웹툰
006570,대림통상
377030,비트맥스
192720,파워 고배당저변동성
115480,씨유메디칼
138070,신진에스엠
429270,시지트로닉스
045300,성우테크론
497780,KoAct 미국천연가스인프라액티브
006490,인스코비
0093D0,KoAct 팔란티어밸류체인액티브
073540,에프알텍
032750,삼진
246250,에스엘에스바이오
303530,이노뎁
079650,서산
317120,라닉스
032080,아즈텍WB
432980,엠에프씨
020400,대동금속
131090,시큐브
372800,아이티아이즈
085810,알티캐스트
002820,SUN&L
031510,오스템
188040,바이오포트
080470,성창오토텍
016100,리더스코스메틱
900110,이스트아시아홀딩스
279600,미디어젠
148930,에이치와이티씨
131760,파인텍
900300,오가닉티코스메틱
900070,글로벌에스엠
405000,플라즈맵
050110,캠시스
010400,우진아이엔에스
101400,엔시트론
027040,서울전자통신
222980,한국맥널티
078860,스테이지원엔터
096690,에이루트
034940,조아제약
196700,웹스
091340,S&K폴리텍
067010,이씨에스
076080,웰크론한텍
033050,제이엠아이
023770,플레이위드
331520,밸로프
139670,키네마스터
060380,동양에스텍
417180,핑거스토리
318010,팜스빌
007770,한일화학
208640,썸에이지
362990,드림인사이트
355690,에이텀
068100,케이웨더
030720,동원수산
224060,더코디
004270,남성
900270,헝셩그룹
043220,티에스넥스젠
069640,한세엠케이
091970,나노캠텍
227610,아우딘퓨쳐스
103230,에스앤더블류
070590,한솔인티큐브
198940,한주라이트메탈
267790,배럴
217620,선샤인푸드
328380,솔트웨어
418620,E8
005110,한창
044780,에이치케이
131180,딜리
019570,플루토스
191410,육일씨엔에쓰
406820,뷰티스킨
472840,ITF 200
208710,포톤
143210,핸즈코퍼레이션
197140,디지캡
037400,우리엔터프라이즈
002210,동성제약
044480,빌리언스
093380,풍강
353190,휴럼
021040,대호특수강
208350,지란지교시큐리티
011090,에넥스
032680,소프트센
377330,이지트로닉스
016920,카스
060230,제이케이시냅스
389680,유디엠텍
067730,로지시스
424760,벨로크
288980,모아데이타
0088N0,WON K-글로벌수급상위
373110,엑셀세라퓨틱스
012170,아센디오
010640,진양폴리
044380,주연테크
060900,에이전트AI
054090,삼진엘앤디
154030,아시아종묘
139050,BF랩스
050760,에스폴리텍
193250,링크드
415380,스튜디오삼익
130740,티피씨글로벌
291810,핀텔
063760,이엘피
238200,비피도
113810,디젠스
002680,한탑
115570,스타플렉스
009310,참엔지니어링
225590,패션플랫폼
023790,동일스틸럭스
101680,한국정밀기계
009620,삼보산업
065150,대산F&B
352940,인바이오
069920,엑시온그룹
348030,모비릭스
483570,KCGI 미국S&P500 TOP10
054940,엑사이엔씨
368600,아이씨에이치
0112X0,마이티 200TR
308100,형지글로벌
032280,삼일
225430,케이엠제약
065690,파커스
177350,베셀
121890,에스디시스템
192390,윈하이텍
043360,디지아이
240600,유진테크놀로지
115530,씨엔플러스
445690,BNK 주주가치액티브
442090,에셋플러스 코리아대장장이액티브
145850,TREX 펀더멘탈 200
053060,세동
017250,인터엠
001420,태원물산
080720,한국유니온제약
289010,아이스크림에듀
230980,비유테크놀러지
137940,넥스트아이
900100,애머릿지
084440,유비온
083470,이엠앤아이
001770,SHD
152550,한국ANKOR유전
110020,전진바이오팜
071950,코아스
419540,비스토스
309930,조이웍스앤코
226340,본느
045520,크린앤사이언스
025890,한국주강
433220,에셋플러스 글로벌대장장이액티브
098660,에스티오
365900,브이씨
011080,형지I&C
015020,이스타코
312610,에이에프더블류
018620,우진비앤지
275630,에스에스알
247660,나노씨엠에스
014100,메디앙스
054410,케이피티유
391670,HK 베스트일레븐액티브
215480,토박스코리아
214610,롤링스톤
491510,파워 K-주주가치액티브
199730,바이오인프라
134060,이퓨쳐
154040,다산솔루에타
096870,엘디티
018700,바른손
028080,휴맥스홀딩스
092600,앤씨앤
035620,바른손이앤에이
048830,엔피케이
067770,세진티에스
0051A0,KoAct 브로드컴밸류체인액티브
032980,바이온
065770,CS
043590,웰킵스하이텍
344860,이노진
477490,에셋플러스 글로벌일등기업포커스10액티브
159800,마이티 코스피100
065420,에스아이리소스
012340,뉴인텍
051780,큐로홀딩스
002070,비비안
008600,윌비스
009440,KC그린홀딩스
025870,신라에스지
407820,에셋플러스 코리아플랫폼액티브
088290,이원컴포텍
322780,코퍼스코리아
083660,CSA 코스믹
060480,국일신동
241820,피씨엘
008500,일정실업
0001P0,마이티 바이오시밀러&CDMO액티브
108590,TREX 200
106520,노블엠앤비
361670,삼영에스앤씨
276730,한울앤제주
060260,뉴보텍
304840,피플바이오
368970,오에스피
030350,드래곤플라이
422260,VITA MZ소비액티브
474920,에셋플러스 차이나일등기업포커스10액티브
069330,유아이디
073190,듀오백
482030,KoAct 반도체&2차전지핵심소재액티브
050090,비케이홀딩스
008290,원풍물산
079190,케스피온
227100,프로브잇
079950,인베니아
032800,판타지오
472720,TRUSTON 주주가치액티브
0113G0,KoAct 미국바이오헬스케어액티브
250930,예선테크
413930,WON AI ESG액티브
188260,세니젠
352770,셀레스트라
244460,올리패스
058450,한주에이알티
065060,지엔코
035290,골드앤에스
054180,메디콕스
043100,알파AI
496130,TRUSTON 코리아밸류업액티브
065570,삼영이엔씨
121850,코이즈
031860,디에이치엑스컴퍼니
060240,스타코링크
285690,FOCUS ESG리더스
215620,HK S&P코리아로우볼
0120J0,BNK 카카오그룹포커스
026910,광진실업
900120,씨엑스아이
276040,스코넥
451150,에셋플러스 글로벌영에이지액티브
480460,WON 한국부동산TOP3플러스
466810,BNK 2차전지양극재
0073X0,FOCUS 알리바바미국채커버드콜혼합
106080,케이이엠텍
145210,다이나믹디자인
0002C0,에셋플러스 인도일등기업포커스20액티브
0154H0,KoAct 차이나바이오헬스케어액티브
488290,마이다스 일본테크액티브
433250,UNICORN R&D 액티브
0053M0,더제이 중소형포커스액티브
462340,에셋플러스 글로벌다이나믹시니어액티브
438740,마이다스 중소형액티브
457930,BNK 미래전략기술액티브
079970,투비소프트
0132D0,KoAct 글로벌K컬처밸류체인액티브
101390,아이엠
313760,캐리
476000,UNICORN 포스트IPO액티브
044180,KD
490330,KoAct 미국치매&뇌질환치료제액티브
043090,더테크놀로지
052770,아이톡시
470310,UNICORN 생성형AI강소기업액티브
452440,VITA 밸류알파액티브
